Animes-,,,,,,,,,,,,,,,,
Animes-,Minha Nota,Visto/Assistindo,Em lançamento,Data,Reassistir,,Temporadas,Eps,Eps/Temporada,Lançamento,Gênero,Fichado,Vezes Assistido,Duração dos Eps,Eps Assistidos,Tempo
Toaru Kagaku No Accelerator,100,Assistido,Não,2ª Temporada?,1x,7,1,12,12,2019,FantasiaSobrenaturalSuperpoderVida Escolar,V,1,22,19,418
Kimetsu No Yaiba,100,Assistido,Não,2ª Temporada?(Filme Confirmado),3x,,1,26,26,2019,Ação. Demônio. Histórico. Shounen. Sobrenatural,V,3,22,78,1716
Boku No Hero,100,Assistido,Sim,5ª Temporada Confirmada,3x,,4,88,13. 25. 25. 25,2016-2020,AçãoAventuraComédiaSchoolShounenSuperpoder,V,3,22,264,5808
Ao No Exorcist (Blue Exorcist),99.9,Assistido,Não,-,1x,25,2,37,25.12,,,,1,22,62,1364
Charlotte,99.7,Assistido,Não,,1x,,1,13,13,2015,ComédiaDramaSchoolSobrenaturalSuperpoder,V,1,22.5,13,293
Naruto Shippuden,99.4,Assistido,Não,-,+,420,,279,500,2007-2017,,,1,22,699,15378
Tate No Yuusha,99.3,Assistido,Não,2ª e 3ª Temporada Confirmadas,2x,,1,25,25,,,,2,22,50,1100
Hunterxhunter,99.2,Assistido,Não,-,+,54,-,148,,2011,AçãoArtes MarciaisAventuraFantasia,V,1,22,202,4444
Youkoso Jitsuryoku Shijou Shugi No Kyoushitsu E (Classroom Of Elite) T1,99.1,Assistido,Não,2ª Temporada 2020-2021,2x,,1,12,12,,,,2,22,24,528
Noragami Araguroto,99,Assistido,Não,-,1x,,1,13,13,,,,1,22,13,286
Naruto,99,Assistido,Não,-,1x,128,,220,220,,,,1,22,348,7656
Isekai No Seikishi Monogatari,99,Assistido,,2 Temporada-,1x,,1,13,13,2009,AçãoComédiaEcchiFantasiaHarém?MechaVida Escolar,V,1,43.1,13,560
Plunderer,99,Assistido,Não,2 Temporada-,1x,7,1,24,24,2020,AçãoEcchiFantasiaShounen,V,1,22,31,682
Angel Beats,99,Assistido,Não,2ªTemporada?,1x,,1,13,13,2010,AçãoComédiaDramaSchoolSobrenatural,V,1,22,13,286
One Punch Man,99,Assistido,Não,3ª Temporada?,1x,,2,24,12.12,,,,1,22,24,528
Yamada-kun A 7-nin No Majo (TV),99,Assistido,,,,,1,12,12,2015,ComédiaHarém?MistérioRomanceSchoolShounenSobrenatural,V,1,22,12,264
Sousei No Onmyouji,98.9,Assistido,Não,2ª Temporada?,1x,,1,50,50,2016,Ação. Fantasia. Romance. Shounen. Sobrenatural,V,1,22,50,1100
Dungeon Ni Deai,98.9,Assistido,Não,3ª Temporada 2 de Outubro,1x,,1,22,22,,,,1,22,22,484
Sousei No Aquarion,98.9,Assistido,,,1x,,1,26,26,2005,AçãoComédiaDramaFantasiaFicção CientíficaMechaRomance,V,1,22,26,572
Samurai Harem (Asu No Yoichi),98.9,Assistido,,,,,1,12,12,2009,Artes MarciaisComédia RomânticaHarém,V,1,22,12,264
Darling In The Franxx,98.9,Assistido,,,,,1,24,24,2018,AçãoDramaFicção CientíficaMechaRomance,V,1,22,24,528
Cross Ange- Tenshi To Ryuu No Rondo,98.9,Assistido,,,,,1,25,25,2014,AçãoDramaFicção CientíficaMecha,V,1,22,25,550
Sword Art Online 2012,98.8,Assistido,Não,-,1x,,1,25,25,,,,1,22,25,550
World Trigger,98.8,Assistido,Não,2ª Temporada Confirmada,1x,,1,73,73,2014,AçãoFicção CientíficaSchoolShounenSobrenatural,V,1,22,73,1606
Killing Bites,98.8,Assistido,Não,2ª Temporada maio,1x,,1,12,12,2018,AçãoEcchiFicção CientíficaSeinen,V,1,22,12,264
Isekai Maou To Shoukan Shoujo No Dorei Majutsu,98.8,Assistido,Não,2ª Temporada?,1x,,1,12,12,2018,Comédia. Ecchi. Fantasia. Harém. ?Magia,V,1,22,12,264
No Game No Life,98.8,Assistido,Não,2ª Temporada?,1x,,1,12,12,2014,Aventura. Comédia. Ecchi. Fantasia. Jogos. Sobrenatural,V,1,22,12,264
Kekkai Sensen,98.8,Assistido,,,,,2,25,13-12,2015-2017,AçãoComédiaFantasiaShounenSobrenaturalSuperpoderVampiros,V,1,23.7,25,593
Kenja No Mago,98.7,Assistido,Não,2ª Temporada?,3x,,1,12,12,2019,,,3,22,36,792
Darwin’s Game,98.7,Assistido,Não,,1x,,1,11,11,2020,Ação. Mistério. Shonen,V,1,22,11,242
Id- Invaded,98.6,Assistido,Não,,1x,,1,13,13,2020,Ficção CientíficaMistérioPolicialPsicológico,V,1,22,13,286
Orange,98.5,Assistido,Não,-,1x,,1,13,13,2016,Drama. Ficção Científica. Romance. Shoujo. Vida Escolar,V,1,22,13,286
Majutsushi Orphen Hagure Tabi,98.5,Assistido,Não,2 Temporada-,1x,,1,13,13,2020,AçãoArtes MarciaisAventuraDramaFantasiaMagia,V,1,22,13,286
Absolute Duo,98.5,Assistido,Não,2ª Temporada?,1x,,1,12,12,2015,AçãoEcchiHarém?RomanceSchoolSobrenatural,V,1,22,12,264
Dr. Stone,98.5,Assistido,Não,2ª Temporada?,1x,,1,24,24,,,,1,22,24,528
Koutetsujou No Kabaneri,98.5,Assistido,Não,2ª Temporada?,1x,,1,12,12,2016,Ação. Drama. Fantasia. Horror. Sobrenatural,V,1,22,12,264
Gleipnir,98.5,Assistido,,,,,1,12,12,2020,AçãoEcchiMistérioSeinenSobrenatural,V,1,22,12,264
Cop Craft,98.5,Assistido,,,,,1,12,12,2019,AçãoFantasiaFicção CientíficaMagiaPolicial,V,1,22,12,264
Strike The Blood,98.3,Assistido,Não,4ª Temporada?,1x,,3,42,24. 8. 10,2013-2018,AçãoEcchiFantasiaSobrenaturalVampiros,V,1,22,42,924
Aldnoah.Zero,98.2,Assistido,,3ª Temporada?,1x,,2,24,12.12,2014-2015,AçãoFicção CientíficaMechaMilitar,V,1,22,24,528
Shinmai Maou No Testament,98.1,Assistido,Não,3ª Temporada?,1x,,2,22,12.1,2015,Ação. Demônio. Ecchi. Fantasia. Harém. ?Romance,V,1,22,22,484
Tokyo Ghoul 1-2,98,Assistido,Não,-,1x,,2,24,12.12,2014-2015,AçãoDramaHorrorMistérioPsicológicoSeinenSobrenatural,V,1,22,24,528
Akame Ga Kill!,98,Assistido,Não,-,1x,,1,24,24,,,,1,22,24,528
Another,98,Assistido,Não,-,1x,,1,12,12,,,,1,22,12,264
Garo Vanishing Line,98,Assistido,,2 Temporada-,1x,,1,24,24,2017,Aventura. Fantasia ,V,1,22,24,528
Re- Zero Kara Hajimeru Isekai Seikatsu,98,Assistido,Não,2ª Temporada Abril,1x,,1,26,26,2016,Drama. Fantasia. Psicológico. Thriller,V,1,22,26,572
Ao-Chan Can’t Study!,98,Assistido,,2ª Temporada?,1x,,1,12,12,2019,Comédia. Ecchi. Romance. Shounen,V,1,22,12,264
Elfen Lied,98,Assistido,,2ª Temporada?,1x,,1,13,13,2004,Ação. Drama. Horror. Psicológico. Romance. Seinen. Sobrenatural,V,1,22,13,286
H.O.T.D High School Of The Death,98,Assistido,Não,2ª Temporada?,1x,,1,12,12,,,,1,22,12,264
Tokyo Ravens,98,Assistido,Não,2ª Temporada?,1x,,1,24,24,2013,ComédiaMagiaRomanceSchoolSobrenatural,V,1,22,24,528
We Never Learn- Bokuben,98,Assistido,Não,2ª Temporada?,1x,,1,26,26,2019,Comédia. Harém. Romance. Shounen. Vida Escolar,V,1,22,26,572
Infinite Dendrogram,98,Assistido,Não,2ªTemporada?,1x,,1,13,13,2020,Fantasia. Isekai. Jogos,V,1,22,13,286
Log Horizon,98,Assistido,Não,3ª Temporada Outubro 2020,1x,,2,50,25.25,2013-2014,Ação. Aventura. Fantasia. Ficção Científica. Isekai. Jogos. Magia,V,1,22,50,1100
Hundred,98,Assistido,Não,,2x,,1,12,12,2016,AçãoEcchiFicção CientíficaHarém?MechaRomanceVida Escolar,V,2,22,24,528
Shichisei No Subaru,98,Assistido,Não,,1x,,1,12,12,2018,AçãoFantasiaFicção CientíficaJogos,V,1,22,12,264
Full Metal Panic?,98,Assistido,Não,,1x,,1,24,24,2002,AçãoComédiaFicção CientíficaMechaMilitar,V,1,22,24,528
Phantasy Star Online 2- Episode Oracle,98,Assistido,,,,,1,25,25,2019,Ação. Espaço. Ficção Científica. Jogos,V,1,22,25,550
Machine Doll Wa Kizuttsukanai,98,Assistido,,,,,1,12,12,2013,AçãoEcchiFantasiaVida Escolar,V,1,22,12,264
Gate- Jieitai Kanochi Nite. Kaku Tatakaeri,98,Assistido,,,,12,2,24,12.12,2015-2016,Fantasia. Isekai,V,1,22,36,792
Murenase! Seton Gakuen,98,Assistido,,,,,1,13,13,2020,ComédiaVida ,V,1,22,13,286
Yamada-kun A 7-nin No Majo (OVA),98,Assistido,,,,,1,2,2,2014,ComédiaHarém?MistérioRomanceSchoolShounenSobrenatural,V,1,30,2,60
Another World,98,Assistido,,,,,1,3,3,2019,Ficção Científica,V,1,10,3,30
Taimadou Gakuen 35 Shiken Shoutai,98,Assistido,,,,,1,12,12,2015,AçãoEcchiFantasiaHarém?MilitarRomanceSobrenatural,V,1,22,12,264
The Promised Neverland,97.9,Assistido,Não,2ª Temporada?,1x,,1,12,12,,,,1,22,12,264
Hagure Yuusha No Estetica,97.8,Assistido,Não,2ª Temporada?,1x,4,1,12,12,2012,Ação. Ecchi. Fantasia. Harém?. Superpoder,V,1,22,16,352
Zero No Tsukaima,97.7,Assistido,Não,5ª Temporada?,1x,,4,49,13. 12. 12. 12,2006-2012,Ação. Aventura. Comédia. Ecchi. Fantasia. Harém. ?Magia. Romance. Vida Escolar,V,1,22,49,1078
Arifureta Shokugyou De Sekai Saikyou,97.6,Assistido,Não,Ova-2 26/fev/2020,1x,,1,13,13,2019,Ação. Aventura. Fantasia. Harém?,V,1,22,13,286
Hataraku Maou-Sama,97.5,Assistido,Não,2ª Temporada?,1x,,1,13,13,2013,Comédia. Demônio. Fantasia. Romance. Sobrenatural,V,1,22,13,286
Rokudenashi Majutsu Kouchi To Akashic Records,97.5,Assistido,Não,2ª Temporada?,1x,,1,12,12,2017,Ação. Fantasia. Magia. Vida Escolar,V,1,22,12,264
Kyoukai No Kanata,97.5,Assistido,Não,2ª Temporada?,1x,,1,12,12,2013,FantasiaRomanceSlice Of LifeSobrenatural,V,1,22,12,264
Satsuriku No Tenshi,97.4,Assistido,Não,,1x,,1,16,16,2018,AventuraHorrorPsicológicoThriller,V,1,22,16,352
Gakusen Toshi Asterisk,97.3,Assistido,Não,2ª Temporada?,1x,,2,24,12.12,2015,AçãoHarém?,V,1,22,24,528
Fullmetal Alchemist Brotherhood,97,Assistido,Não,-,1x,,5,64,12. 13. 13. 13. 13,2009,AçãoAventuraComédiaDramaFantasiaMagiaMilitarShounen,V,1,22,64,1408
Kuroko No Basket,97,Assistido,Não,-,1x,,3,75,25. 25. 25,,,,1,22,75,1650
Black Bullet,97,Assistido,,-,1x,,1,13,13,2014,Ação. Ficção Científica. Mistério. Seinen,V,1,22,13,286
Boku Dake Ga Inai Machi,97,Assistido,Não,-,1x,,1,12,12,,,,1,22,12,264
Noragami,97,Assistido,Não,-,1x,,1,12,12,,,,1,22,12,264
Big Order,97,Assistido,Não,2 Temporada?,1x,,1,10,10,2016,AçãoShounenSobrenaturalSuperpoder,V,1,22,10,220
Rakudai Kishi No Cavalry,97,Assistido,Não,2ª Temporada?,2x,,1,12,12,2015,Ação. Ecchi. Fantasia. Romance. School,V,2,22,24,528
Isekai Cheat Majutsushi,97,Assistido,Não,2ª Temporada?,1x,,1,12,12,,,,1,22,12,264
Maid Dragon,97,Assistido,Não,2ª Temporada?,1x,,1,13,13,2017,Comédia. Fantasia. Slice of Life,V,1,22,13,286
Masou Gakuen Hxh,97,Assistido,Não,2ª Temporada?,1x,,1,12,12,2016,Ação. Comédia. Ecchi. Fantasia. Ficção Científica. Harém. ?Romance. Vida Escolar,V,1,22,12,264
Is- Infinite Stratos,97,Assistido,Não,3ª Temporada?,1x,,2,24,12.12,2011-2013,AçãoComédiaEcchiFicção CientíficaHarém?Mecha,V,1,22,24,528
Fairy Tail,97,Assistido,Não,Quest dos 100 anos? (Última Temporada),1x,,3,328,,,,,1,22,328,7216
Freezing,97,Assistido,Não,,1x,8,2,24,12.12,2011-2013,AçãoDramaEcchiFicção CientíficaHarém?MilitarRomance,V,1,22,32,704
Busou Shoujo Machiavellianism,97,Assistido,Não,,1x,,1,12,12,2017,AçãoComédiaSchoolShounen,V,1,22,12,264
Kaze No Stigma,97,Assistido,Não,,1x,,1,24,24,2007,AçãoFantasiaMagiaRomanceShounenSobrenatura,V,1,22,24,528
Sacred Seven,97,Assistido,Não,,1x,,1,12,12,2011,AçãoFicção CientíficaSchoolSuperpoder,V,1,22,12,264
Hidan No Aria,97,Assistido,,,,,1,12,12,2011,AçãoComédiaRomanceSchool,V,1,22,12,264
Kono Subarashii Sekai Ni Shukufuku Wo!,97,Assistido,,,,6,2,20,10-10,2016-2017,AventuraComédiaFantasiaIsekaiMagiaSobrenatural,V,1,22,26,572
Isekai Wa Smartphone To Tomo Ni,97,Assistido,,,,,1,12,12,2017,AçãoComédiaFantasiaHarém?MagiaRomance,V,1,22,12,264
Acchi Kocchi,97,Assistido,,,,,1,12,12,2012,Comédia RomânticaSchoolSlice Of Life,V,1,22,12,264
Aho Girl,97,Assistido,,,,,1,12,12,2017,ComédiaRomanceSchoolShounenSlice Of Life,V,1,11.5,12,138
Zero Kara Hajimeru Maho No Sho (Grimoire Of Zero),96.5,Assistido,Não,2ª Temporada?,1x,,1,12,12,,,,1,22,12,264
Guilty Crown,96.5,Assistido,Não,,1x,,1,22,22,2011,AçãoAventuraDramaFicção CientíficaMechaRomanceSuperpoder,V,1,22,22,484
Jojo No Kimyou Na Bouken 2012,96,Assistido,Não,-,1x,,1,26,26,2012,AçãoComédiaShounenSobrenaturalVampiros,V,1,22,26,572
Kotoura-San,96,Assistido,Não,-,1x,,1,12,12,,,,1,22,12,264
Choujin Koukousei-Tachi Wa Isekai Demo Yoyuu De Ikinuku You Desu!,96,Assistido,Não,2ª Temporada?,1x,,1,12,12,2019,Fantasia. Isekai,V,1,22,12,264
Ichiban Ushiro No Daimaou,96,Assistido,Não,2ª Temporada?,1x,,1,12,12,,,,1,22,12,264
Masamune-Kun No Revenge,96,Assistido,,2ª Temporada?,1x,,1,12,12,2017,ComédiaHarém?RomanceShounenVida Escolar,V,1,22,12,264
Sakurasou No Pet Na Kanojo,96,Assistido,,2ª Temporada?,1x,,1,24,24,2012,Comédia. Drama. Romance. School. Slice Of Life,V,1,22,24,528
Shimoneta To Iu Gainen Ga Sonzai Shinai Taikutsu,96,Assistido,Não,2ª Temporada?,1x,,1,12,12,,,,1,22,12,264
Trinity Seven,96,Assistido,Não,2ª Temporada?,1x,,1,12,12,2014,Ação. Comédia. Ecchi. Fantasia. Harém?. Magia. Romance. School. Shounen. Sobrenatural,V,1,22,12,264
Owari No Seraph 1 E 2,96,Assistido,Não,3ª Temporada?,1x,,2,24,12.12,,,,1,22,24,528
Yuusha Ni Narenakatta Ore Wa Shibushibu Shuushoku O Ketsui Shimashita,96,Assistido,Não,,1x,,1,12,12,2013,ComédiaEcchiFantasiaRomance,V,1,22,12,264
Tenkyou No Alderamin,96,Assistido,,,1x,,1,13,13,2016,AçãoAventuraFantasiaMilitar,V,1,22,13,286
Sakamoto Desu Ga,96,Assistido,,,,,1,13,13,2016,ComédiaSeinenSlice Of LifeVida Escolar,V,1,22,13,286
Taboo Tattoo,96,Assistido,,,,,1,12,12,2016,AçãoArtes MarciaisComédiaMistérioSeinenSobrenaturalSuperpoder,V,1,22,12,264
Shingeki No Bahamut,95.9,Assistido,Não,3ª Temporada 2021,1x,,2,36,12.24,,,,1,22,36,792
Witch Craft Works,95.6,Assistido,Não,,1x,,1,12,12,2014,AçãoFantasiaMagiaSeinenSobrenatural,V,1,22,12,264
Mob Psycho 100,95,Assistido,Não,-,1x,,2,25,12.13,,,,1,22,25,550
Madan No Ou To Vanadis,95,Assistido,,2 Temporada-,1x,,1,13,13,2014,AventuraEcchiFantasiaHarém?Romance,V,1,22,13,286
Mahouka Koukou No Retoussei,95,Assistido,Não,2ª Temporada 3 de Outubro,2x,,1,26,26,2014,AçãoFicção CientíficaMagiaRomanceSchoolSobrenatural,V,2,22,52,1144
Seiken Tsukai No World Break,95,Assistido,Não,2ª Temporada?,2x,,1,12,12,2015,AçãoFantasiaHarém?RomanceSchoolSobrenatural,V,2,22,24,528
Hai To Gensou No Grimgar,95,Assistido,Não,2ª Temporada?,1x,,1,13,13,2016,Ação. Aventura. Drama. Fantasia,V,1,22,13,286
7 Seeds,95,Assistido,Não,2ª Temporada?,1x,,1,12,12,,,,1,22,12,264
Blood Lad,95,Assistido,Sim,2ª Temporada?,1x,,1,10,10,2013,AçãoAventuraComédiaDemônioSeinenSobrenaturalVampiros,V,1,22,10,220
Btooom!,95,Assistido,Não,2ª Temporada?,1x,,1,12,12,,,,1,22,12,264
Claymore,95,Assistido,Não,2ª Temporada?,1x,,1,26,26,2007,Ação. Aventura. Demônio. Fantasia. Shounen. Sobrenatural. Superpoder,V,1,22,26,572
Seikoku No Dragonar,95,Assistido,Não,2ªTemporada?,1x,,1,12,12,2014,ComédiaEcchiFantasiaSchool,V,1,22,12,264
Ore Wo Suki Nano Wa Omae Dake Ka Yo,95,Assistido,Sim,Quarta-Feira,2x,,1,13,13,2019,Comédia. Romance. Vida Escolar,V,2,22,26,572
Juuou Mujin No Fafnir,95,Assistido,Não,,2x,,1,12,12,2015,FantasiaHarém?RomanceVida Escolar,V,2,22,24,528
Tokyo Esp,95,Assistido,Não,,1x,,1,12,12,2014,AçãoComédiaFicção CientíficaShounenSobrenaturalSuperpoder,V,1,22,12,264
Phantasy Star Online 2,95,Assistido,,,,,1,12,12,2016,AçãoFicção CientíficaJogosSchool,V,1,22,12,264
Maken-Ki,95,Assistido,,,,,1,12,12,2011,AçãoArtes MarciaisEcchiHarém?SchoolSobrenatural,V,1,22,12,264
Sword Art Online 2014,94,Assistido,Não,-,1x,,1,25,25,,,,1,22,25,550
Death March Kara Hajimaru Isekai Kyousoukyoku,94,Assistido,Não,2ª Temporada?,1x,,1,12,12,,,,1,22,12,264
Tensei Shitara Slime Datta Ken,94,Assistido,Não,2ª Temporada?,1x,,1,25,25,,,,1,22,25,550
Kyokou Suiri,94,Assistido,Não,,1x,,1,12,12,2020,ComédiaDemônioMistérioRomanceShounenSobrenatural,V,1,22,12,264
Hachi-Nan Tte. Sore Wa Nai Deshou!,93,Assistido,Sim,,,,1,12,12,2020,AçãoFantasiaMagia,V,1,22,12,264
Akuma No Riddle,93,Assistido,,,,,1,12,12,2014,AçãoSchoolShoujo-aiYuri,V,1,22,12,264
Id-0,93,Assistido,,,,,1,12,12,2017,EspaçoFicção CientíficaMecha,V,1,22,12,264
Isuca,92,Assistido,Não,2ª Temporada?,1x,,1,10,10,2015,AçãoComédiaEcchiRomanceSeinenSobrenaturalVida Escolar,V,1,22,10,220
Seishun Buta Yarou Wa Bunny Girl Senpai No Yume Wo Minai,92,Assistido,Não,2ª Temporada?,+,,1,13,13,,,,1,22,13,286
Saiki Kusui No ?-Nan,90,Assistido,Não,-,1x,10,3,52,26. 24. 2,,,,1,22,62,1364
Chrome Shelled Regios (Koukaku No Regios),90,Assistido,Não,-,1x,,1,24,24,,,,1,22,24,528
Death Note,90,Assistido,Não,-,1x,,1,37,37,,,,1,22,37,814
Goblin Slayer,90,Assistido,Não,-,1x,,1,13,13,,,,1,22,13,286
Trigun,90,Assistido,Não,-,1x,,1,26,26,1998,AçãoAventuraComédiaDramaFicção CientíficaShounen,V,1,22,26,572
Blade Dance Of The Elementalers,90,Assistido,Não,2 Temporada-,2x,,1,12,12,2014,Ação. Comédia. Ecchi. Fantasia. Harém?. Romance. School. Sobrenatural,V,2,22,24,528
Assassins Pride,90,Assistido,Não,2ª Temporada?,1x,,1,12,12,2019,Fantasia. Magia,V,1,22,12,264
Luck & Logic,90,Assistido,Não,,1x,,1,12,12,2016,Ação. Fantasia,V,1,22,12,264
11 Eyes,90,Assistido,,,1x,,1,12,12,2009,AçãoEcchiSobrenaturalSuperpoder,V,1,22,12,264
Blade Dance Of The Elementalers Ovas,90,Assistido,,,1x,,1,6,6,2014,,,1,2.6,6,16
Highschool Dxd,90,Assistido,Não,,0x,37,4,50,13. 12. 12. 13,2012-2018,ComédiaDemônioEcchiHarém?RomanceSchool,V,0,22,37,814
Mayo Chiki!,90,Assistido,,,,,1,13,13,2011,ComédiaEcchiHarém?RomanceVida Escolar,V,1,22,13,286
Dual! Parallel Trouble Adventure,90,Assistido,,,,,1,13,13,1999,AçãoComédiaFicção CientíficaHarém?MechaShounen,V,1,23,13,299
Renai Boukun,90,Assistido,,,,,1,12,12,2017,ComédiaEcchiHarém?RomanceSchoolSobrenatural,V,1,22,,
Amatsuki,90,Assistido,,,,,1,13,13,2008,AçãoDemônioFantasiaHistóricoJoseiSobrenatural,V,1,22,13,286
Outbreak Company,89,Assistido,Não,-,1x,,1,13,13,,,,1,22,13,286
Shoumetsu Toshi,89,Assistido,Não,-,1x,,1,11,11,,,,1,22,11,242
Ore Ga Ojousama Gakkou Ni Shomin Sample Toshite Gets Sareta Ken,89,Assistido,Não,,1x,,1,12,12,2015,ComédiaEcchiHarém?RomanceVida Escolar,V,1,22,12,264
Taishou Chicchai-San,88,Assistido,,,1x,,1,12,12,2017,Histórico. Sobrenatural,V,1,2.5,12,30
Ore No Kanojo To Osananajimi Ga Shuraba Sugiru (Oreshura),88,Assistido,,,,,1,13,13,2013,ComédiaHarém?RomanceVida Escolar,V,1,22,13,286
Shingeki No Kiojin,86,Assistido,Não,4ª Temporada Outubro,1x,,3,59,,,,,1,22,59,1298
Castelvania,85,Assistido,Não,-,1x,,2,12,4.8,,,,1,22,12,264
Neon Genesis Evangeliom,85,Assistido,Não,-,1x,,1,26,26,,,,1,22,26,572
Undefeated Bahamut Chronicle,85,Assistido,Não,-,1x,8,1,12,12,,,,1,22,20,440
Mondaiji-Tachi Ga Isekai Kara Kuru Sou Desu Yo?,85,Assistido,Não,2ª Temporada?,1x,,1,10,10,2013,Ação. Comédia. Fantasia. Sobrenatural,V,1,22,10,220
Mahou Sensou,85,Assistido,Não,,1x,,1,12,12,2014,AçãoFantasiaMagia,V,1,22,12,264
Gunjou No Magmel,85,Assistido,,,1x,,1,13,13,2019,AçãoAventuraFantasiaShounenSuperpoder,V,1,22,13,286
Kuusen Madoushi Kouhosei No Kyoukan,80,Assistido,,,2x,,1,12,12,2015,Ação. Drama. Fantasia. Ficção Científica. Harém?. Magia. Vida Escolar,V,2,22,24,528
Bloodivores,80,Assistido,,,1x,,1,12,12,2016,Ação. Sobrenatural. Vampiros,V,1,22,12,264
Code- Breaker,80,Assistido,,,0x,10,1,13,13,2012,AçãoComédiaSchoolShounenSobrenaturalSuperpoder,V,0,22,10,220
Nourin,75,Assistido,,,,,1,12,12,2014,ComédiaEcchiParódiaRomanceSchool,V,1,22,12,264
Ixion Saga,70,Assistido,Não,,1x,,1,25,25,2012,Ação. Comédia. Fantasia,V,1,22,25,550
School Days,45,Assistido,,,,,1,12,12,2007,DramaHarém?RomanceSchool,V,1,22,12,264
Maou Gakuin No Futekigousha,100,Assistindo,Sim,Sábado,,,,,,,,,1,22,0,0
Sword Art Online Alicization ,98.5,Assistindo,Não,Sábado,1x,4,2,37,24.13,2018,AçãoAventuraFantasiaIsekaiJogosRomance,V,1,22,4,88
Enen No Shouboutai (Fire Force),98.5,Assistindo,Sim,Sábado,1x,5,1,24,24,2019-2020,AçãoComédiaFicção CientíficaShounen,V,1,22,5,110
Shokugeki No Soma,98,Assistindo,Sim,Sábado,1x,,4,73,24. 13. 24. 12,2015-2019,Shounen. Ecchi. Vida Escolar. Culinária,V,1,22,0,0
Kore Wa Zombie Desuka?,98,Assistindo,,,1x,12,,,,2011,AçãoComédiaEcchiHarém?MagiaSobrenatural,V,1,22,12,264
3d Kanojo Real Girl,98,Assistindo,,,,2,,,,,,,1,22,2,44
Black Clover,97.5,Assistindo,Sim,Terça-Feira,1x,,2,125,,,,,1,22,0,0
Jojo No Kimyou Na Bouken 2014,96.5,Assistindo,Não,-,1x,,,,,,,,1,22,0,0
Uzaki-Chan,96,Assistindo,,Sexta-Feira,,7,,,,,,,1,22,7,154
Fate/Grand Order - Absolute Demonic Front- Babilonia,95,Assistindo,Sim,Sábado,1x,,,,,,,,1,22,0,0
Maken-Ki Two,95,Assistindo,,,,3,1,10,10,2014,AçãoArtes MarciaisEcchiHarém?SchoolSobrenatural,V,1,22,3,66
Medaka Box,93,Assistindo,,,,12,2,24,,2012,AçãoArtes MarciaisComédiaEcchiShounenSuperpoderVida Escolar,V,1,22,12,264
Nanatsu No Taizai,90,Assistindo,Sim,Quarta-Feira,1x,,3,48,14.24,,,,1,22,0,0
Drifting Dragons,,Assistindo,,Quinta-Feira,1x,,,,,,,,1,22,0,0
Dorohedoro,,Assistindo,,Segunda-feira,1x,,,,,,,,1,22,0,0
Shomin Sample,,Assistindo,,,1x,T1E2,,,,,,,1,22,#VALOR!,#VALOR!
Shakugan No Shana,,Assistindo,,,1x,T1E10,,,,,,,1,22,#VALOR!,#VALOR!
Ange Vierge,96,Desisti,,,,5,,,,,,,1,22,5,110
Dagashi Kashi,95,Desisti,,,,2,1,25,25,2016,ComédiaShounenSlice Of Life,V,1,22,2,44
Boku No Kanojo Ga Shobitch,90,Desisti,,,,5,1,10,10,2017,ComédiaEcchiHarém?RomanceSchool,V,1,22,5,110
Kampfer,85,Desisti,,,,,1,14,14,2009,AçãoComédiaEcchiRomanceShoujo-aiSuperpoderVida Escolar,V,1,22,0,0
Hataage! Kemono Michi,85,Desisti,,,,4,1,12,12,2019,ComédiaFantasiaShounen,V,1,22,4,88
Kyoukai Senjou No Horizon (Horizon In The Middle Of Nowere),80,Desisti,,,,1,,,,,,,1,22,1,22
Dakara Boku Wa. H Ga Dekinai,80,Desisti,,,,,,,,,,,1,22,0,0
Aria The Animation,80,Desisti,,,,,,,,,,,1,22,0,0
Ikkitousen Anjos Guerreiros,75,Desisti,,,,3,,,,,,,1,22,3,66
Kakegurui,60,Desisti,Não,,,3,2,,,,,,1,22,3,66
Azur Lane,60,Desisti,Não,,,1,1,,,,,,1,22,1,22
Madouka Magica,50,Desisti,Não,-,,2,,,,,,,1,22,2,44
Hidan No Aria Aa ,20,Desisti,,,,6,1,12,12,2015,AçãoSchoolShoujo-ai,V,1,22,6,132
Honzuki No Gekokujou,10,Desisti,Não,,,2,,,,,,,1,22,2,44
Fairy Gone,1,Desisti,Não,-,,1,1,12,12,,,,1,22,1,22
Hangyakusei Million Arthur,1,Desisti,Não,-,,1,1,21,21,,,,1,22,1,22
Tokyo Ghoul 3,1,Desisti,Não,-,,2,,,,,,,1,22,2,44
Fukigen Na Mononokean,,Desisti,,,,2,2,,,,,,1,22,2,44
Zombie Land Saga,,Desisti,,,,1,1,12,12,,,,1,22,1,22
Aishen Qiaokeli-Ing,,Desisti,,,,2,,,,,,,1,22,2,44
Little Witch Academia,,Desisti,,,,4,1,25,25,2017,AventuraComédiaFantasiaMagiaVida Escolar,V,1,22,4,88
Choujuushin Gravion,,Desisti,,,,,,,,,,,1,22,0,0
Angelic Layer,,Desisti,,,,,,,,,,,1,22,0,0
To Love-Ru,,Desisti,,,,1,,,,,,,1,22,1,22
Love Lab,,Desisti,,,,1,,,,,,,1,22,1,22
Cheating Craft,,Desisti,,,,1,,,,,,,1,22,1,22
Anatsu Kyoushitsu(Assassination Classroom),98,Em Pause,,,,23,2,48,23.25,2015-2016,AçãoComédiaSchoolShounen,V,1,22,23,506
Knights Of Sidonia,98,Em Pause,,,,13,,,,2014,AçãoEspaçoFicção CientíficaMechaSeinen,V,1,22,13,286
Ah! Megami Sama!,98,Em Pause,,,,7,,,,,,,1,22,7,154
Sekirei,97,Em Pause,,,,13,2,26,12.14,2008,AçãoComédiaEcchiHarém?Superpoder,V,1,22.2,13,289
Shijou Saikyou No Deshi Kenichi,97,Em Pause,,,,29,1,50,50,2006,AçãoArtes MarciaisComédiaSchoolShounen,V,1,22,29,638
Tales Of Zestiria The X,95,Em Pause,Não,3ª Temporada?,,9,2,27,1.26,2014-2016,Ação. Aventura. Fantasia. Magia,V,1,35,9,315
Devils Line,95,Em Pause,,,,2,1,2,,,,,1,22,2,44
The Last Witch,95,Em Pause,,,,4,,,,,,,1,22,4,88
Hinamatsuri ,94,Em Pause,,,,,1,12,12,2018,ComédiaFicção CientíficaSeinenSlice Of LifeSobrenatural,V,1,22,0,0
Danshi Koukousei No Nichijou,92,Em Pause,,,,5,,,,,,,1,22,5,110
Ghost In The Shell,,Em Pause,,Lançamento 2020,,2,,,,,,,1,22,2,44
Itai No Wa Iya Nano De Bougyoryoku Ni Kyokufuri Shitai To Omoimasu.,,Em Pause,Não,Quarta-Feira,01/04/20,2,,,,,,,1,22,2,44
Shinchou Yuusha- Kono Yuusha Ga Ore Tueee Kuse Ni Shinchou Sugiru,,Em Pause,Sim,,,4,1,4,,,,,1,22,4,88
Qualidea Code,,Em Pause,,,,2,,,,,,,1,22,2,44
Bleach,,Em Pause,,,,150,,,,,,,1,22,150,3300
Classroom?Crisis,,Em Pause,,,,2,,,,,,,1,22,2,44
Date A Live,,Em Pause,,,,T2E6,,,,,,,1,22,#VALOR!,#VALOR!
Densetsu No Yuusha No Densetsu,,Em Pause,,,,6,,,,,,,1,22,6,132
Divine Gate,,Em Pause,,,,,,,,,,,1,22,0,0
Dororo,,Em Pause,Não,,,1,,,,,,,1,22,1,22
Grisaia No Kajitsu,,Em Pause,,,,10,,,,,,,1,22,10,220
Magi- The Labyrinth Of Magic,,Em Pause,,,,4,,,,,,,1,22,4,88
Maid-Sama,,Em Pause,,,,9,,,,,,,1,22,9,198
Maou-Sama. Retry!,,Em Pause,,,,2,,,,,,,1,22,2,44
Monster Musume No Iru Nichijou,,Em Pause,,,,4,,,,,,,1,22,4,88
Nakanohito Genome,,Em Pause,,,,2,,,,,,,1,22,2,44
One Piece,,Em Pause,,,,1,,,,,,,1,22,1,22
Overlord,,Em Pause,,,,4,,,,,,,1,22,4,88
Reikenzan- Hoshikuzu-Tachi No Utage ,,Em Pause,,,,T2E5,,,,,,,1,22,#VALOR!,#VALOR!
Rokka No Yuusha,,Em Pause,,,,3,,,,,,,1,22,3,66
Rosario + Vampire,,Em Pause,,,,T2E1,,,,,,,1,22,#VALOR!,#VALOR!
Seikon No Qwaser,,Em Pause,,,,7,,,,,,,1,22,7,154
Sora Yori Mo Tooi Basho,,Em Pause,,,,3,,,,,,,1,22,3,66
Tsuujou Kougeki Ga Zentai Kougeki De Ni-Kai Kougeki No Okaasan Wa Suki Desu Ka?,,Em Pause,,,,3,,,,,,,1,22,3,66
Zatch Bell,,Em Pause,,,,4,,,,,,,1,22,4,88
Amnesia,,Em Pause,,,,2,,,,,,,1,22,2,44
Sengoku Otome- Momoiro Paradox,,Em Pause,,,,4,,,,,,,1,22,4,88
Joukamachi No Dandelion,,Em Pause,,,,1,,,,,,,1,22,1,22
Baka To Test To Shoukanjuu,,Em Pause,,,,1,,,,,,,1,22,1,22
No Guns Life,,Em Pause,,,,3,,,,,,,1,22,3,66
Kujira No Kora Wa Sajou Ni Utau,,Em Pause,,,,1,,,,,,,1,22,1,22
Kiss X Sis,,Em Pause,,,,4,,,,,,,1,22,4,88
Mahou Sensei Negima,,Em Pause,,,,5,,,,,,,1,22,5,110
Princess Connect,,Em Pause,,,,6,,,,,,,1,22,6,132
Bna,,Em Pause,Sim,,,,,,,,,,1,22,0,0
Kitsune No Senko San,,Em Pause,Sim,,,1,,,,,,,1,22,1,22
Digimon Adventure,,Em Pause,Sim,,,1,,,,,,,1,22,1,22
Youkai Watch- Shadow Side,,Em Pause,,,,4,,,,,,,1,22,4,88
Muhyo To Rouji No Mahouritsu Soudan Jimusho,,Em Pause,,,,1,,,,,,,1,22,1,22
Ahiru No Sora,,Na Fila,,,,,,,,,,,1,22,-,0
Appare-Ranman,,Na Fila,Sim,,,,,,,,,,1,22,-,0
Hatena?Illusion,,Na Fila,Sim,,,,,,,,,,1,22,-,0
Jashin-Chan Dropkick,,Na Fila,,,,,,,,,,,1,22,-,0
Junketsu No Maria,,Na Fila,,,,,,,,,,,1,22,-,0
Kanata No Astra ,,Na Fila,,,,,,,,,,,1,22,-,0
Kuzu No Honkai,,Na Fila,,,,,,,,,,,1,22,-,0
Mahoutsukai No Yome,,Na Fila,,,,,,,,,,,1,22,-,0
Mirai Nikki,,Na Fila,,,,,,,,,,,1,22,-,0
Overflow,,Na Fila,,,,,,,,,,,1,22,-,0
Plastic Memories,,Na Fila,,,,,,,,,,,1,22,-,0
Shin Sakura Taisen The Animation,,Na Fila,Sim,,,,,,,,,,1,22,-,0
Shironeko Project,,Na Fila,Sim,,,,,,,,,,1,22,-,0
To Love Ru,,Na Fila,,,,,4,64,,,,,1,22,-,0
Tsugu Tsugumomo,,Na Fila,Sim,,,,,,,,,,1,22,-,0
Yosuga No Sora,,Na Fila,,,,,,,,,,,1,22,-,0
Boogiepop Phantom,,Na Fila,,,,,,,,,,,1,22,-,0
B- The Beginning,,Na Fila,,,,,,,,,,,1,22,-,0
Sounan De Su Ka,,Na Fila,,,,,,,,,,,1,22,-,0
Gabriel Dropout,,Na Fila,,,,,,,,,,,1,22,-,0
Rainbow- Nisha Rokubou No Shichinin,,Não,Não,-,,,1,26,26,,,,1,22,-,0
Uzumaki,,Não,,Lançamento 2020,,,,,,,,,1,22,-,0
Given,,Não,Sim,Quinta-Feira,,,1,11,11,,,,1,22,-,0
Houkago Saikoro Club,,Não,Sim,Sexta-Feira,,,1,6,6,,,,1,22,-,0
Monster,,Não,,,,,,,,,,,1,22,-,0
Vinland Saga,,Não,,,,,,,,,,,1,22,-,0
Working,,Não,,,,,,,,,,,1,22,-,0
Koutetsujou No Kabaneri (Filmes),,Não,Não,,,,3,3,3,,,,1,22,-,0
Photo Kano,,Não,Não,,,,1,13,13,,,,1,22,-,0
Clockwork Planet,,Não,,,,,,,,,,,1,22,-,0
Kingdom,,Não,,,,,,,,,,,1,22,-,0
Tokyo Majin Gakuen Kenpucho,,Não,,,,,,,,,,,1,22,-,0
Accel World,,Não,,,,,,,,,,,1,22,-,0
Ajin,,Não,,,,,,,,,,,1,22,-,0
Anne Happy,,Não,,,,,,,,,,,1,22,-,0
Baka To Test,,Não,,,,,,,,,,,1,22,-,0
Ballroom E Youkoso,,Não,,,,,,,,,,,1,22,-,0
Barakamon,,Não,,,,,,,,,,,1,22,-,0
Bersek,,Não,,,,,,,,,,,1,22,-,0
Black Lagoon,,Não,,,,,,,,,,,1,22,-,0
Boruto- Naruto Next Generations,,Não,,,,,,,,,,,1,22,-,0
Bungou Stray Dogs,,Não,,,,,,,,,,,1,22,-,0
Chmo Crusade,,Não,,,,,,,,,,,1,22,-,0
Choujigen Game Neptune The Animation,,Não,,,,,,,,,,,1,22,-,0
Chuunibyou Demo Koi Ga Shitai,,Não,,,,,,,,,,,1,22,-,0
Citrus,,Não,,,,,,,,,,,1,22,-,0
Clannad,,Não,,,,,,,,,,,1,22,-,0
Code Geass. Hangyaku No Lelouch R2,,Não,,,,,,,,,,,1,22,-,0
Cowboy Bebop,,Não,,,,,,,,,,,1,22,-,0
Darker Than Black,,Não,,,,,,,,,,,1,22,-,0
Death Parade,,Não,,,,,,,,,,,1,22,-,0
Demi-Chan Wa Kataritai,,Não,,,,,,,,,,,1,22,-,0
Detective Conan,,Não,,,,,,,,,,,1,22,-,0
Detroit Metal City,,Não,,,,T1E4,,,,,,,1,22,#VALOR!,#VALOR!
Domestic Kanojo,,Não,,,,,,,,,,,1,22,-,0
Durarara,,Não,,,,,,,,,,,1,22,-,0
Ergo Proxy,,Não,,,,,,,,,,,1,22,-,0
Ero Manga Sensei,,Não,,,,,,,,,,,1,22,-,0
Fate/Stay Night,,Não,,,,,,,,,,,1,22,-,0
Fuuka,,Não,,,,,,,,,,,1,22,-,0
Gantz,,Não,,,,,,,,,,,1,22,-,0
Gekkan Shoujo Nozaki-Kun,,Não,,,,,,,,,,,1,22,-,0
Giant Killing,,Não,,,,,,,,,,,1,22,-,0
,,Não,,,,,,,,,,,1,22,-,0
Golden Boy,,Não,,,,,,,,,,,1,22,-,0
Golden Time,,Não,,,,,,,,,,,1,22,-,0
Gto - Great Teacher Onizuka,,Não,,,,,,,,,,,1,22,-,0
Haiyore! Nyaruko-San,,Não,,,,,,,,,,,1,22,-,0
Hajimete No Gal,,Não,,,,,,,,,,,1,22,-,0
Hancook(Filme),,Não,,,,,,,,,,,1,22,-,0
He-Man,,Não,,,,,,,,,,,1,22,-,0
Hi Score Girl,,Não,,,,,,,,,,,1,22,-,0
Hitoribocchi No Marumaru Seikatsu,,Não,,,,,,,,,,,1,22,-,0
Hokuto No Ken,,Não,,,,,,,,,,,1,22,-,0
Imouto Sae Ireba Ii,,Não,,,,,,,,,,,1,22,-,0
Inuyashiki,,Não,,,,,,,,,,,1,22,-,0
Jojo No Kimyou Na Bouken 2016,,Não,,,,,,,,,,,1,22,-,0
Jojo No Kimyou Na Bouken 2018,,Não,,,,,,,,,,,1,22,-,0
Kaguya-Sama Wa Kokurasetai- Tensai-Tachi No Renai Zunousen,,Não,,,,,,,,,,,1,22,-,0
Kaka To Test To Shoukanjuu,,Não,,,,,,,,,,,1,22,-,0
Kameko Deluxe,,Não,,,,,,,,,,,1,22,-,0
Kanata No Astra,,Não,,,,,,,,,,,1,22,-,0
Kemono Michi- Rise Up,,Não,,,,,,,,,,,1,22,-,0
Kiseijuu- Sei No Kakuritsu,,Não,,,,,,,,,,,1,22,-,0
Kono Oto Tomare,,Não,,,,,,,,,,,1,22,-,0
,,Não,,,,,,,,,,,1,22,-,0
Kousetsu Hyaku Monogatari,,Não,,,,,,,,,,,1,22,-,0
Love Hina,,Não,,,,,,,,,,,1,22,-,0
,,Não,,,,,,,,,,,1,22,-,0
Love Live! Sunshine!!,,Não,,,,,,,,,,,1,22,-,0
Magi- The Labyrint Of Magic,,Não,,,,,,,,,,,1,22,-,0
Magic-Kyun! Renaissance,,Não,,,,,,,,,,,1,22,-,0
Manaria Friends,,Não,,,,,,,,,,,1,22,-,0
Momokuri,,Não,,,,,,,,,,,1,22,-,0
My Roommate Is A Cat,,Não,,,,,,,,,,,1,22,-,0
Myteenage Romantic,,Não,,,,,,,,,,,1,22,-,0
Natsume Yuujinchou,,Não,,,,,,,,,,,1,22,-,0
Netgame No Yome,,Não,,,,,,,,,,,1,22,-,0
Netoge No Yome ,,Não,,,,,,,,,,,1,22,-,0
,,Não,,,,,,,,,,,1,22,-,0
Ninja Resurrection,,Não,,,,,,,,,,,1,22,-,0
Ninja Scroll,,Não,,,,,,,,,,,1,22,-,0
Ninja Slayer,,Não,,,,,,,,,,,1,22,-,0
Noucome,,Não,,,,,,,,,,,1,22,-,0
Nyan Koi!,,Não,,,,,,,,,,,1,22,-,0
Ookami Shoujo To Kuro Ouiji,,Não,,,,,,,,,,,1,22,-,0
Oregairu,,Não,,,,,,,,,,,1,22,-,0
,,Não,,,,,,,,,,,1,22,-,0
Prison School,,Não,,,,,,,,,,,1,22,-,0
Psycho-Pass,,Não,,,,,,,,,,,1,22,-,0
Rurouni Kenshin- Shin Kyoto Hen,,Não,,,,,,,,,,,1,22,-,0
S.Cry.Ed,,Não,,,,,,,,,,,1,22,-,0
Sai No Hoken Taiiku ,,Não,,,,,,,,,,,1,22,-,0
Saimin Seishidou,,Não,,,,,,,,,,,1,22,-,0
Saint Oniisan,,Não,,,,,,,,,,,1,22,-,0
Samurai X,,Não,,,,,,,,,,,1,22,-,0
Sarazanmai,,Não,,,,,,,,,,,1,22,-,0
Seishun Buta,,Não,,,,,,,,,,,1,22,-,0
Serial Experiments Lain,,Não,,,,,,,,,,,1,22,-,0
Shigatsu Wa Kimi No Uso,,Não,,,,,,,,,,,1,22,-,0
Shigurui,,Não,,,,,,,,,,,1,22,-,0
Shiki,,Não,,,,,,,,,,,1,22,-,0
Shoujo Shuumatsu Ryokou,,Não,,,,,,,,,,,1,22,-,0
Shuumatsu Nani Shitemasu Ka? Isogashii Desu Ka? Sukutte Moratte Ii Desu Ka?,,Não,,,,,,,,,,,1,22,-,0
Soul Eater,,Não,,,,,,,,,,,1,22,-,0
Speed Grapher,,Não,,,,,,,,,,,1,22,-,0
Steins Gate,,Não,,,,,,,,,,,1,22,-,0
Sword Art Online Gun Gale Online,,Não,,,,,,,,,,,1,22,-,0
Tengen Toppa Gurren Lagann,,Não,,,,,,,,,,,1,22,-,0
Texhnolyze,,Não,,,,,,,,,,,1,22,-,0
Tsurezure-Chidren,,Não,,,,,,,,,,,1,22,-,0
Watashi Ni Tenshi Ga Maiorita,,Não,,,,,,,,,,,1,22,-,0
Www.Working!!,,Não,,,,,,,,,,,1,22,-,0
X (Tv),,Não,,,,,,,,,,,1,22,-,0
Xxxholic,,Não,,,,,,,,,,,1,22,-,0
Yu-Gi-Oh!,,Não,,,,,,,,,,,1,22,-,0
Yuru Camp,,Não,,,,,,,,,,,1,22,-,0
Zankyou No Terror,,Não,,,,,,,,,,,1,22,-,0
Zombie-Loan,,Não,,,,,,,,,,,1,22,-,0
Super Onze,,Não,,,,,,,,,,,1,22,-,0
,,Não,,,,,,,,,,,1,22,-,0
Assault Lily- Bouquet,,Next,,1ª Temporada 1 de Outubro,,,,,,,,,1,22,#N/DISP,#N/DISP
Higurashi no Naku Koro ni (Reboot),,Next,,1ª Temporada 1 de Outubro,,,,,,,,,1,22,#N/DISP,#N/DISP
Yuukoku no Moriarty,,Next,,1ª Temporada 11 de Outubro,,,,,,,,,1,22,#N/DISP,#N/DISP
100-man no Inochi no Ue ni Ore,,Next,,1ª Temporada 2 de Outubro,,,,,,,,,1,22,#N/DISP,#N/DISP
Majo no Tabitabi,,Next,,1ª Temporada 2 de Outubro,,,,,,,,,1,22,#N/DISP,#N/DISP
Kings Raid,,Next,,1ª Temporada 2 de Outubro,,,,,,,,,1,22,#N/DISP,#N/DISP
Dragon Quest- Dai no Daibouken,,Next,,1ª Temporada 2 de Outubro,,,,,,,,,1,22,#N/DISP,#N/DISP
Tonikaku Kawai,,Next,,1ª Temporada 2 de Outubro,,,,,,,,,1,22,#N/DISP,#N/DISP
Senyoku no Sigfrida,,Next,,1ª Temporada 3 de Outubro,,,,,,,,,1,22,#N/DISP,#N/DISP
Hanya no Yashahime,,Next,,1ª Temporada 3 de Outubro,,,,,,,,,1,22,#N/DISP,#N/DISP
Kami-tachi ni Hirowareta,,Next,,1ª Temporada 4 de Outubro,,,,,,,,,1,22,#N/DISP,#N/DISP
Munou no Nana,,Next,,1ª Temporada 4 de Outubro,,,,,,,,,1,22,#N/DISP,#N/DISP
Noblesse,,Next,,1ª Temporada 5 de Outubro,,,,,,,,,1,22,#N/DISP,#N/DISP
Kimi to Boku no Saigo,,Next,,1ª Temporada 7 de Outubro,,,,,,,,,1,22,#N/DISP,#N/DISP
Gibiate,,Next,Sim,,,,,,,,,,1,22,#N/DISP,#N/DISP
Blood-C,,Next,,,,,,,,,,,1,22,#N/DISP,#N/DISP
Angels Feather,,Next,,,,,,,,,,,1,42,#N/DISP,#N/DISP
Animatrix,,Next,,,,,,,,,,,1,22,#N/DISP,#N/DISP
Arslan Senki,,Next,,,,,,,,,,,1,22,#N/DISP,#N/DISP
Steel Angel Kurumi,,Next,,,,,,,,,,,1,22,#N/DISP,#N/DISP
,,Tsugi,Não,-,,,1,12,12,,,,1,22,-,0
Tsubasa- Reservoir Chronicle,,Tsugi,,,,,,,,,,,1,22,-,0
Kyoukai No Kanata Movie- I Ll Be Here - Kako-Hen,,Tsugi,,,,,,,,,,,1,80,-,0
Kyoukai No Kanata Movie- I Ll Be Here - Mirai-Hen,,Tsugi,,,,,,,,,,,1,100,-,0
Tower Of Gods,,Tsugi,Sim,,,,,,,,,,1,22,-,0
Shironeko Project- Zero,,Tsugi,Sim,,,,,,,,,,1,22,-,0
,,Tsugi,,,,,,,,,,,1,22,-,0
Ladies Versus Butlers,,Tsugi,,,,,,,,,,,1,22,-,0
Maoou Maou No Yuusha,,Tsugi,,,,,,,,,,,1,22,-,0
Nagasarete Airantou,,Tsugi,,,,,,,,,,,1,22,-,0
Nurarihyon No Mago,,Tsugi,,,,,,,,,,,1,22,-,0
One Outs,,Tsugi,,,,,,,,,,,1,22,-,0
Bungo To Alchemist,,Tsugi,,,,,,,,,,,1,22,-,0
Seitokai Yakuindomo,,Tsugi,,,,,,,,,,,1,22,-,0
Zettai Karen Children- The Unlimited,,Tsugi,,,,,,,,,,,1,22,-,0
Utawarerumono,,Tsugi,,,,,,,,,,,1,22,-,0
Full Metal Panic? Fumoffu,,Tsugi,,,,,,,,,,,1,22,-,0
Hokuto No Ken ,,Tsugi,,,,,,,,1984,,,1,22,-,0
Somali To Mori No Kamisama,,Tsugi,,,,,,,,,,,1,22,-,0
Helsing Ultimate,,Tsugi,,,,,,,,,,,1,22,-,0
Nekopara,,Tsugi,,,,,,,,,,,1,22,-,0
K (K-Project),,Tsugi,,,,,,,,,,,1,22,-,0
R.O.D The Tv,,Tsugi,,,,,,,,,,,1,22,-,0
,,Tsugi,,,,,,,,,,,1,22,-,0
Kill La Kill,,Tsugi,,,,,,,,,,,1,22,-,0
Bakemonogatari,,Tsugi,,,,,,,,,,,1,22,-,0
Tiger & Bunny,,Tsugi,,,,,,,,,,,1,22,-,0
Hajime No Ippo,,Tsugi,,,,,,,,,,,1,22,-,0
Majutsushi Orphen 1998,,Tsugi,,,,,,,,,,,1,22,-,0
Asura Cryin,97,,,,,,,,,,,,1,22,-,0
Busou Renkin,90,,,,,,,,,,,,1,22,-,0
Spiritpact,85,,,,,2,,,,,,,1,22,-,0
,,,,,,,,,,,,,1,22,-,0
,,,,,,,,,,,,,1,22,-,0
Fugou Keiji,,,,,,,,,,,,,1,22,-,0
,,,,,,,,,,,,,1,22,-,0
,,,,,1x,,,,,,,,1,22,-,0
Brave 10,,,,,,,,,,,,,1,22,-,0
.Hack//Sign,,,,,,,,,,,,,1,22,-,0
Aquarion Evol,,,,,,,,,,,,,1,22,-,0
Magic Kyun Renaissance,,,,,,,,,,,,,1,22,-,0
,,,,,,,,,,,,,1,22,-,0
Gundam Iron Blooded Orphans,,,,,,,,,,,,,1,22,-,0
Kyoukou Suiri,,,,,,,,,,,,,1,22,-,0
Mahou Shoujo Madoka Magica,,,,,,,,,,,,,1,22,-,0
Maji De Watashi Ni Koi Shinasai!,,,,,,,,,,,,,1,22,-,0
Maken-Ki Ovas,,,,,,,1,2,2,2011,AçãoArtes MarciaisEcchiHarém?SchoolSobrenatural,V,1,25,-,0
Start Driver,,,,,,,,,,,,,1,22,-,0
Mobile Fighter G Gundam,,,,,,,,,,,,,1,22,-,0
Strike Witches,,,,,,,,,,,,,1,22,-,0
Mobile Suit Gundam,,,,,,,,,,,,,1,22,-,0
Muv-Luv Alternative- Total Eclipse,,,,,,,,,,,,,1,22,-,0
Girls Und Panzer,,,,,,,,,,,,,1,22,-,0
Asobi Ni Ikuyo,,,,,,,,,,,,,1,22,-,0
Youjo Senki,,,,,,,,,,,,,1,22,-,0
Record Of Grancrest War,,,,,,,,,,,,,1,22,-,0
The Kings Avatar,,,,,,,,,,,,,1,22,-,0
Tales Of Demons And Gods,,,,,,,,,,,,,1,22,-,0
Doulo Daluo,,,,,,,,,,,,,1,22,-,0
Maoyuu Maou Yuusha,,,,,,,,,,,,,1,22,-,0
Zetsuen No Tempest,,,,,,,,,,,,,1,22,-,0
Persona 4,,,,,,,,,,,,,1,22,-,0
Gundam Seed,,,,,,,,,,,,,1,22,-,0
,,,,,,,,,,,,,1,22,-,0
Yuuki Yuuna Wa Yuusha De Aru,,,,,,,,,,,,,1,22,-,0
Mahoutsukai No Yome,,,,,,,,,,,,,1,22,-,0
Machine Doll Wa Kizuttsukanai Ovas,,,,,,,1,6,,,,,1,22,-,0
Moetan,,,,,,,,,,,,,1,22,-,0
Irozuku Sekai No Ashita Kara,,,,,,,,,,,,,1,22,-,0
Amagi Brilliant Park,,,,,,,,,,,,,1,22,-,0
Persona- Trinity Soul,,,,,,,,,,,,,1,22,-,0
Druaga No Tou,,,,,,,,,,,,,1,22,-,0
Musaigen No Phantom World,,,,,,,,,,,,,1,22,-,0
Beatless,,,,,,,,,,,,,1,22,-,0
Touhou Gensou Mangekyou,,,,,,,,,,,,,1,22,-,0
Madoka,,,,,,2,,,,,,,1,22,-,0
Gakkou Gurashi,,,,,,,,,,,,,1,22,-,0
Monster Musume No Oishasan,,,,,,,,,,,,,1,22,-,0
Nisekoi,,,,,,,,,,,,,1,22,-,0
Endride,,,,,,,,,,,,,1,22,-,0
Peter Grill,,,,,,,,,,,,,1,22,-,0
Youjo Senki,,,,,,,,,,,,,1,22,-,0
Watashi Nouryoku Wa,,,,,,,,,,,,,1,22,-,0
The God Of High School,,,Sim,,,,,,,,,,1,22,-,0
Crest Of The Stars,,,,,,,,,,,,,1,22,-,0
Gintama,,,,,,,,,,,,,1,22,-,0
Chu Feng- B.E.E,,,,,,,,,,,,,1,22,-,0
El Hazard- The World Magnificent,,,,,,,,,,,,,1,22,-,0
Fate/Zero,,,,,,,,,,,,,1,22,-,0
Anime-Gatari,,,,,,,,,,,,,1,22,-,0
Oregairu,,,,,,,,,,,,,1,22,-,0
Ben 10,,,,,,,,,,,,,1,22,-,0
Cardfight!! Vanguard,,,,,,,,,,,,,1,22,-,0
As Terríveis Aventuras De Billy E Mandy,,,,,,,,,,,,,1,22,-,0
O Clube Das Winx,,,,,,,,,,,,,1,22,-,0
Chaos Dragon,,,,,,7,,,,,,,1,22,-,0
Grand Blue,,,,,,,,,,,,,1,22,-,0
Pop Team Epic,,,,,,,,,,,,,1,22,-,0
Island,,,,,,,,,,,,,1,22,-,0
Flying Witch,,,,,,,,,,,,,1,22,-,0
Denkigai no Honya-san,,,,,,,,,,,,,1,22,-,0
Tasogare Otome x Amnesia,,,,,,,,,,,,,1,22,-,0
 ReLife,,,,,,,,,,,,,1,22,-,0
Amagi Brilliant Park ,,,,,,,,,,,,,1,22,-,0
Shirobako,,,,,,,,,,,,,1,22,-,0
Monster,,,,,,,,,,,,,1,22,-,0
Golden Kamuy,,,,,,,,,,,,,1,22,-,0
,,,,,,,,,,,,,1,22,-,0
,,,,,,,,,,,,,1,22,-,0
,,,,,,,,,,,,,1,22,-,0
,,,,,,,,,,,,,1,22,-,0
,,,,,,,,,,,,,1,22,-,0
,,,,,,,,,,,,,1,22,-,0
,,,,,,,,,,,,,1,22,-,0
,,,,,,,,,,,,,1,22,-,0
,,,,,,,,,,,,,1,22,-,0
,,,,,,,,,,,,,1,22,-,0
,,,,,,,,,,,,,1,22,-,0
,,,,,,,,,,,,,1,22,-,0
,,,,,,,,,,,,,1,22,-,0
,,,,,,,,,,,,,1,22,-,0
,,,,,,,,,,,,,1,22,-,0
,,,,,,,,,,,,,1,22,-,0
,,,,,,,,,,,,,1,22,-,0
,,,,,,,,,,,,,1,22,-,0
,,,,,,,,,,,,,1,22,-,0
,,,,,,,,,,,,,1,22,-,0
,,,,,,,,,,,,,1,22,-,0
,,,,,,,,,,,,,1,22,-,0
,,,,,,,,,,,,,1,22,-,0
,,,,,,,,,,,,,1,22,-,0
,,,,,,,,,,,,,1,22,-,0
,,,,,,,,,,,,,1,22,-,0
,,,,,,,,,,,,,1,22,-,0
,,,,,,,,,,,,,1,22,-,0
,,,,,,,,,,,,,1,22,-,0
,,,,,,,,,,,,,1,22,-,0
,,,,,,,,,,,,,1,22,-,0
,,,,,,,,,,,,,1,22,-,0
,,,,,,,,,,,,,1,22,-,0
,,,,,,,,,,,,,1,22,-,0
,,,,,,,,,,,,,1,22,-,0
,,,,,,,,,,,,,1,22,-,0
,,,,,,,,,,,,,1,22,-,0
,,,,,,,,,,,,,1,22,-,0
,,,,,,,,,,,,,1,22,-,0
,,,,,,,,,,,,,1,22,-,0
,,,,,,,,,,,,,1,22,-,0
,,,,,,,,,,,,,1,22,-,0
,,,,,,,,,,,,,1,22,-,0
,,,,,,,,,,,,,1,22,-,0
,,,,,,,,,,,,,1,22,-,0
,,,,,,,,,,,,,1,22,-,0
,,,,,,,,,,,,,1,22,-,0
,,,,,,,,,,,,,1,22,-,0
,,,,,,,,,,,,,1,22,-,0
,,,,,,,,,,,,,1,22,-,0
,,,,,,,,,,,,,1,22,-,0
,,,,,,,,,,,,,1,22,-,0
,,,,,,,,,,,,,1,22,-,0
,,,,,,,,,,,,,1,22,-,0
,,,,,,,,,,,,,1,22,-,0
,,,,,,,,,,,,,1,22,-,0
,,,,,,,,,,,,,1,22,-,0
,,,,,,,,,,,,,1,22,-,0
,,,,,,,,,,,,,1,22,-,0
,,,,,,,,,,,,,1,22,-,0
,,,,,,,,,,,,,1,22,-,0
,,,,,,,,,,,,,1,22,-,0
,,,,,,,,,,,,,1,22,-,0
,,,,,,,,,,,,,1,22,-,0
,,,,,,,,,,,,,1,22,-,0
,,,,,,,,,,,,,1,22,-,0
,,,,,,,,,,,,,1,22,-,0
,,,,,,,,,,,,,1,22,-,0
,,,,,,,,,,,,,1,22,-,0
,,,,,,,,,,,,,1,22,-,0
,,,,,,,,,,,,,1,22,-,0
,,,,,,,,,,,,,1,22,-,0
,,,,,,,,,,,,,1,22,-,0
,,,,,,,,,,,,,1,22,-,0
,,,,,,,,,,,,,1,22,-,0
,,,,,,,,,,,,,1,22,-,0
,,,,,,,,,,,,,1,22,-,0
,,,,,,,,,,,,,1,22,-,0
,,,,,,,,,,,,,1,22,-,0
,,,,,,,,,,,,,1,22,-,0
,,,,,,,,,,,,,1,22,-,0
,,,,,,,,,,,,,1,22,-,0
,,,,,,,,,,,,,1,22,-,0
,,,,,,,,,,,,,1,22,-,0
,,,,,,,,,,,,,1,22,-,0
,,,,,,,,,,,,,1,22,-,0
,,,,,,,,,,,,,1,22,-,0
,,,,,,,,,,,,,1,22,-,0
,,,,,,,,,,,,,1,22,-,0
,,,,,,,,,,,,,1,22,-,0
,,,,,,,,,,,,,1,22,-,0
,,,,,,,,,,,,,1,22,-,0
,,,,,,,,,,,,,1,22,-,0
,,,,,,,,,,,,,1,22,-,0
,,,,,,,,,,,,,1,22,-,0
,,,,,,,,,,,,,1,22,-,0
,,,,,,,,,,,,,1,22,-,0
,,,,,,,,,,,,,1,22,-,0
,,,,,,,,,,,,,1,22,-,0
,,,,,,,,,,,,,1,22,-,0
,,,,,,,,,,,,,1,22,-,0
,,,,,,,,,,,,,1,22,-,0
,,,,,,,,,,,,,1,22,-,0
,,,,,,,,,,,,,1,22,-,0
,,,,,,,,,,,,,1,22,-,0
,,,,,,,,,,,,,1,22,-,0
,,,,,,,,,,,,,1,22,-,0
,,,,,,,,,,,,,1,22,-,0
,,,,,,,,,,,,,1,22,-,0
,,,,,,,,,,,,,1,22,-,0
,,,,,,,,,,,,,1,22,-,0
,,,,,,,,,,,,,1,22,-,0
,,,,,,,,,,,,,1,22,-,0
,,,,,,,,,,,,,1,22,-,0
,,,,,,,,,,,,,1,22,-,0
,,,,,,,,,,,,,1,22,-,0
,,,,,,,,,,,,,1,22,-,0
,,,,,,,,,,,,,1,22,-,0
,,,,,,,,,,,,,1,22,-,0
,,,,,,,,,,,,,1,22,-,0
,,,,,,,,,,,,,1,22,-,0
,,,,,,,,,,,,,1,22,-,0
,,,,,,,,,,,,,1,22,-,0
,,,,,,,,,,,,,1,22,-,0
,,,,,,,,,,,,,1,22,-,0
,,,,,,,,,,,,,1,22,-,0
,,,,,,,,,,,,,1,22,-,0
,,,,,,,,,,,,,1,22,-,0
,,,,,,,,,,,,,1,22,-,0
,,,,,,,,,,,,,1,22,-,0
,,,,,,,,,,,,,1,22,-,0
,,,,,,,,,,,,,1,22,-,0
,,,,,,,,,,,,,1,22,-,0
,,,,,,,,,,,,,1,22,-,0
,,,,,,,,,,,,,1,22,-,0
,,,,,,,,,,,,,1,22,-,0
,,,,,,,,,,,,,1,22,-,0
,,,,,,,,,,,,,1,22,-,0
,,,,,,,,,,,,,1,22,-,0
,,,,,,,,,,,,,1,22,-,0
,,,,,,,,,,,,,1,22,-,0
,,,,,,,,,,,,,1,22,-,0
,,,,,,,,,,,,,1,22,-,0
,,,,,,,,,,,,,1,22,-,0
,,,,,,,,,,,,,1,22,-,0
,,,,,,,,,,,,,1,22,-,0
,,,,,,,,,,,,,1,22,-,0
,,,,,,,,,,,,,1,22,-,0
,,,,,,,,,,,,,1,22,-,0
,,,,,,,,,,,,,1,22,-,0
,,,,,,,,,,,,,1,22,-,0
,,,,,,,,,,,,,1,22,-,0
,,,,,,,,,,,,,1,22,-,0
,,,,,,,,,,,,,1,22,-,0
,,,,,,,,,,,,,1,22,-,0
,,,,,,,,,,,,,1,22,-,0
,,,,,,,,,,,,,1,22,-,0
,,,,,,,,,,,,,1,22,-,0
,,,,,,,,,,,,,1,22,-,0
,,,,,,,,,,,,,1,22,-,0
,,,,,,,,,,,,,1,22,-,0
,,,,,,,,,,,,,1,22,-,0
,,,,,,,,,,,,,1,22,-,0
,,,,,,,,,,,,,1,22,-,0
,,,,,,,,,,,,,1,22,-,0
,,,,,,,,,,,,,1,22,-,0
,,,,,,,,,,,,,1,22,-,0
,,,,,,,,,,,,,1,22,-,0
,,,,,,,,,,,,,1,22,-,0
,,,,,,,,,,,,,1,22,-,0
,,,,,,,,,,,,,1,22,-,0
,,,,,,,,,,,,,1,22,-,0
,,,,,,,,,,,,,1,22,-,0
,,,,,,,,,,,,,1,22,-,0
,,,,,,,,,,,,,1,22,-,0
,,,,,,,,,,,,,1,22,-,0
,,,,,,,,,,,,,1,22,-,0
,,,,,,,,,,,,,1,22,-,0
,,,,,,,,,,,,,1,22,-,0
,,,,,,,,,,,,,1,22,-,0
,,,,,,,,,,,,,1,22,-,0
,,,,,,,,,,,,,1,22,-,0
,,,,,,,,,,,,,1,22,-,0
,,,,,,,,,,,,,1,22,-,0
,,,,,,,,,,,,,1,22,-,0
,,,,,,,,,,,,,1,22,-,0
,,,,,,,,,,,,,1,22,-,0
,,,,,,,,,,,,,1,22,-,0
,,,,,,,,,,,,,1,22,-,0
,,,,,,,,,,,,,1,22,-,0
,,,,,,,,,,,,,1,22,-,0
,,,,,,,,,,,,,1,22,-,0
,,,,,,,,,,,,,1,22,-,0
,,,,,,,,,,,,,1,22,-,0
,,,,,,,,,,,,,1,22,-,0
,,,,,,,,,,,,,1,22,-,0
,,,,,,,,,,,,,1,22,-,0
,,,,,,,,,,,,,1,22,-,0
,,,,,,,,,,,,,1,22,-,0
,,,,,,,,,,,,,1,22,-,0
,,,,,,,,,,,,,1,22,-,0
,,,,,,,,,,,,,1,22,-,0
,,,,,,,,,,,,,1,22,-,0
,,,,,,,,,,,,,1,22,-,0
,,,,,,,,,,,,,1,22,-,0
,,,,,,,,,,,,,1,22,-,0
,,,,,,,,,,,,,1,22,-,0
,,,,,,,,,,,,,1,22,-,0
,,,,,,,,,,,,,1,22,-,0
,,,,,,,,,,,,,1,22,-,0
,,,,,,,,,,,,,1,22,-,0
,,,,,,,,,,,,,1,22,-,0
,,,,,,,,,,,,,1,22,-,0
,,,,,,,,,,,,,1,22,-,0
,,,,,,,,,,,,,1,22,-,0
,,,,,,,,,,,,,1,22,-,0
,,,,,,,,,,,,,1,22,-,0
,,,,,,,,,,,,,1,22,-,0
,,,,,,,,,,,,,1,22,-,0
,,,,,,,,,,,,,1,22,-,0
,,,,,,,,,,,,,1,22,-,0
,,,,,,,,,,,,,1,22,-,0
,,,,,,,,,,,,,1,22,-,0
,,,,,,,,,,,,,1,22,-,0
,,,,,,,,,,,,,1,22,-,0
,,,,,,,,,,,,,1,22,-,0
,,,,,,,,,,,,,1,22,-,0
,,,,,,,,,,,,,1,22,-,0
,,,,,,,,,,,,,1,22,-,0
,,,,,,,,,,,,,1,22,-,0
,,,,,,,,,,,,,1,22,-,0
,,,,,,,,,,,,,1,22,-,0
,,,,,,,,,,,,,1,22,-,0
,,,,,,,,,,,,,1,22,-,0
,,,,,,,,,,,,,1,22,-,0
,,,,,,,,,,,,,1,22,-,0
,,,,,,,,,,,,,1,22,-,0
,,,,,,,,,,,,,1,22,-,0
,,,,,,,,,,,,,1,22,-,0
,,,,,,,,,,,,,1,22,-,0
,,,,,,,,,,,,,1,22,-,0
,,,,,,,,,,,,,1,22,-,0
,,,,,,,,,,,,,1,22,-,0
,,,,,,,,,,,,,1,22,-,0
,,,,,,,,,,,,,1,22,-,0
,,,,,,,,,,,,,1,22,-,0
,,,,,,,,,,,,,1,22,-,0
,,,,,,,,,,,,,1,22,-,0
,,,,,,,,,,,,,1,22,-,0
,,,,,,,,,,,,,1,22,-,0
,,,,,,,,,,,,,1,22,-,0
,,,,,,,,,,,,,1,22,-,0
,,,,,,,,,,,,,1,22,-,0
,,,,,,,,,,,,,1,22,-,0
,,,,,,,,,,,,,1,22,-,0
,,,,,,,,,,,,,1,22,-,0
,,,,,,,,,,,,,1,22,-,0
,,,,,,,,,,,,,1,22,-,0
,,,,,,,,,,,,,1,22,-,0
,,,,,,,,,,,,,1,22,,
,,,,,,,,,,,,,1,22,,
,,,,,,,,,,,,,1,22,,
,,,,,,,,,,,,,1,22,,
,,,,,,,,,,,,,1,22,,
,,,,,,,,,,,,,1,22,,
,,,,,,,,,,,,,1,22,,
,,,,,,,,,,,,,1,22,,
,,,,,,,,,,,,,1,22,,
,,,,,,,,,,,,,1,22,,
,,,,,,,,,,,,,1,22,,
,,,,,,,,,,,,,1,22,,
,,,,,,,,,,,,,1,22,,
,,,,,,,,,,,,,1,22,,
,,,,,,,,,,,,,1,22,,
,,,,,,,,,,,,,1,22,,
,,,,,,,,,,,,,1,22,,
,,,,,,,,,,,,,1,22,,
,,,,,,,,,,,,,1,22,,
,,,,,,,,,,,,,1,22,,
,,,,,,,,,,,,,1,22,,
,,,,,,,,,,,,,1,22,,
,,,,,,,,,,,,,1,22,,
,,,,,,,,,,,,,1,22,,
,,,,,,,,,,,,,1,22,,
,,,,,,,,,,,,,1,22,,
,,,,,,,,,,,,,1,22,,
,,,,,,,,,,,,,1,22,,
,,,,,,,,,,,,,1,22,,
,,,,,,,,,,,,,1,22,,
,,,,,,,,,,,,,1,22,,
,,,,,,,,,,,,,1,22,,
,,,,,,,,,,,,,1,22,,
,,,,,,,,,,,,,1,22,,
,,,,,,,,,,,,,1,22,,
,,,,,,,,,,,,,1,22,,
,,,,,,,,,,,,,1,22,,
,,,,,,,,,,,,,1,22,,
,,,,,,,,,,,,,1,22,,
,,,,,,,,,,,,,1,22,,
,,,,,,,,,,,,,1,22,,
,,,,,,,,,,,,,1,22,,
,,,,,,,,,,,,,1,22,,
,,,,,,,,,,,,,1,22,,
,,,,,,,,,,,,,1,22,,
,,,,,,,,,,,,,1,22,,
,,,,,,,,,,,,,1,22,,
,,,,,,,,,,,,,1,22,,
,,,,,,,,,,,,,1,22,,
,,,,,,,,,,,,,1,22,,
,,,,,,,,,,,,,1,22,,
,,,,,,,,,,,,,1,22,,
,,,,,,,,,,,,,1,22,,
,,,,,,,,,,,,,1,22,,
,,,,,,,,,,,,,1,22,,
,,,,,,,,,,,,,1,22,,
,,,,,,,,,,,,,1,22,,
,,,,,,,,,,,,,1,22,,
,,,,,,,,,,,,,1,22,,
,,,,,,,,,,,,,1,22,,
,,,,,,,,,,,,,1,22,,
,,,,,,,,,,,,,1,22,,
,,,,,,,,,,,,,1,22,,
,,,,,,,,,,,,,1,22,,
,,,,,,,,,,,,,1,22,,
,,,,,,,,,,,,,1,22,,
,,,,,,,,,,,,,1,22,,
,,,,,,,,,,,,,1,22,,
,,,,,,,,,,,,,1,22,,
,,,,,,,,,,,,,1,22,,
,,,,,,,,,,,,,1,22,,
,,,,,,,,,,,,,1,22,,
,,,,,,,,,,,,,1,22,,
,,,,,,,,,,,,,1,22,,
,,,,,,,,,,,,,1,22,,
,,,,,,,,,,,,,1,22,,
,,,,,,,,,,,,,1,22,,
,,,,,,,,,,,,,1,22,,
,,,,,,,,,,,,,1,22,,
,,,,,,,,,,,,,1,22,,
,,,,,,,,,,,,,1,22,,
,,,,,,,,,,,,,1,22,,
,,,,,,,,,,,,,1,22,,
,,,,,,,,,,,,,1,22,,
,,,,,,,,,,,,,1,22,,
,,,,,,,,,,,,,1,22,,
,,,,,,,,,,,,,1,22,,
,,,,,,,,,,,,,1,22,,
,,,,,,,,,,,,,1,22,,
,,,,,,,,,,,,,1,22,,
,,,,,,,,,,,,,1,22,,
,,,,,,,,,,,,,1,22,,
,,,,,,,,,,,,,1,22,,
,,,,,,,,,,,,,1,22,,
,,,,,,,,,,,,,1,22,,
,,,,,,,,,,,,,1,22,,
,,,,,,,,,,,,,1,22,,
,,,,,,,,,,,,,1,22,,
,,,,,,,,,,,,,1,22,,
,,,,,,,,,,,,,1,22,,
,,,,,,,,,,,,,1,22,,
,,,,,,,,,,,,,1,22,,
,,,,,,,,,,,,,1,22,,
,,,,,,,,,,,,,1,22,,
,,,,,,,,,,,,,1,22,,
,,,,,,,,,,,,,1,22,,
,,,,,,,,,,,,,1,22,,
,,,,,,,,,,,,,1,22,,
,,,,,,,,,,,,,1,22,,
,,,,,,,,,,,,,1,22,,
,,,,,,,,,,,,,1,22,,
,,,,,,,,,,,,,1,22,,
,,,,,,,,,,,,,1,22,,
,,,,,,,,,,,,,1,22,,
,,,,,,,,,,,,,1,22,,
,,,,,,,,,,,,,1,22,,
,,,,,,,,,,,,,1,22,,
,,,,,,,,,,,,,1,22,,
,,,,,,,,,,,,,1,22,,
,,,,,,,,,,,,,1,22,,
,,,,,,,,,,,,,1,22,,
,,,,,,,,,,,,,1,22,,
,,,,,,,,,,,,,1,22,,
,,,,,,,,,,,,,1,22,,
,,,,,,,,,,,,,1,22,,
,,,,,,,,,,,,,1,22,,
,,,,,,,,,,,,,1,22,,
,,,,,,,,,,,,,1,22,,
,,,,,,,,,,,,,1,22,,
,,,,,,,,,,,,,1,22,,
,,,,,,,,,,,,,1,22,,
,,,,,,,,,,,,,1,22,,
,,,,,,,,,,,,,1,22,,
,,,,,,,,,,,,,1,22,,
,,,,,,,,,,,,,1,22,,
,,,,,,,,,,,,,1,22,,
,,,,,,,,,,,,,1,22,,
,,,,,,,,,,,,,1,22,,
,,,,,,,,,,,,,1,22,,
,,,,,,,,,,,,,1,22,,
,,,,,,,,,,,,,1,22,,
,,,,,,,,,,,,,1,22,,
,,,,,,,,,,,,,1,22,,
,,,,,,,,,,,,,1,22,,
,,,,,,,,,,,,,1,22,,
,,,,,,,,,,,,,1,22,,
,,,,,,,,,,,,,1,22,,
,,,,,,,,,,,,,1,22,,
,,,,,,,,,,,,,1,22,,
,,,,,,,,,,,,,1,22,,
,,,,,,,,,,,,,1,22,,
,,,,,,,,,,,,,1,22,,
,,,,,,,,,,,,,1,22,,
,,,,,,,,,,,,,1,22,,
,,,,,,,,,,,,,1,22,,
,,,,,,,,,,,,,1,22,,
,,,,,,,,,,,,,1,22,,
,,,,,,,,,,,,,1,22,,
,,,,,,,,,,,,,1,22,,
,,,,,,,,,,,,,1,22,,
,,,,,,,,,,,,,1,22,,
,,,,,,,,,,,,,1,22,,
,,,,,,,,,,,,,1,22,,
,,,,,,,,,,,,,1,22,,
,,,,,,,,,,,,,1,22,,
,,,,,,,,,,,,,1,22,,
,,,,,,,,,,,,,1,22,,
,,,,,,,,,,,,,1,22,,
,,,,,,,,,,,,,1,22,,
,,,,,,,,,,,,,1,22,,
,,,,,,,,,,,,,1,22,,
,,,,,,,,,,,,,1,22,,
,,,,,,,,,,,,,1,22,,
,,,,,,,,,,,,,1,22,,
,,,,,,,,,,,,,1,22,,
,,,,,,,,,,,,,1,22,,
,,,,,,,,,,,,,1,22,,
,,,,,,,,,,,,,1,22,,
,,,,,,,,,,,,,1,22,,
,,,,,,,,,,,,,1,22,,
,,,,,,,,,,,,,1,22,,
,,,,,,,,,,,,,1,22,,
,,,,,,,,,,,,,1,22,,
,,,,,,,,,,,,,1,22,,
,,,,,,,,,,,,,1,22,,
,,,,,,,,,,,,,1,22,,
,,,,,,,,,,,,,1,22,,
,,,,,,,,,,,,,1,22,,
,,,,,,,,,,,,,1,22,,
,,,,,,,,,,,,,1,22,,
,,,,,,,,,,,,,1,22,,
,,,,,,,,,,,,,1,22,,
,,,,,,,,,,,,,1,22,,
,,,,,,,,,,,,,1,22,,
,,,,,,,,,,,,,1,22,,
,,,,,,,,,,,,,1,22,,
,,,,,,,,,,,,,1,22,,
,,,,,,,,,,,,,1,22,,
,,,,,,,,,,,,,1,22,,
,,,,,,,,,,,,,1,22,,
,,,,,,,,,,,,,1,22,,
,,,,,,,,,,,,,1,22,,
,,,,,,,,,,,,,1,22,,
,,,,,,,,,,,,,1,22,,
,,,,,,,,,,,,,1,22,,
,,,,,,,,,,,,,1,22,,
,,,,,,,,,,,,,1,22,,
,,,,,,,,,,,,,1,22,,
,,,,,,,,,,,,,1,22,,
,,,,,,,,,,,,,1,22,,
,,,,,,,,,,,,,1,22,,
,,,,,,,,,,,,,1,22,,
,,,,,,,,,,,,,1,22,,
,,,,,,,,,,,,,1,22,,
,,,,,,,,,,,,,1,22,,
,,,,,,,,,,,,,1,22,,
,,,,,,,,,,,,,1,22,,
,,,,,,,,,,,,,1,22,,
,,,,,,,,,,,,,1,22,,
,,,,,,,,,,,,,1,22,,
,,,,,,,,,,,,,1,22,,
,,,,,,,,,,,,,1,22,,
,,,,,,,,,,,,,1,22,,
,,,,,,,,,,,,,1,22,,
,,,,,,,,,,,,,1,22,,
,,,,,,,,,,,,,1,22,,
,,,,,,,,,,,,,1,22,,
,,,,,,,,,,,,,1,22,,
,,,,,,,,,,,,,1,22,,
,,,,,,,,,,,,,1,22,,
,,,,,,,,,,,,,1,22,,
,,,,,,,,,,,,,1,22,,
,,,,,,,,,,,,,1,22,,
,,,,,,,,,,,,,1,22,,
,,,,,,,,,,,,,1,22,,
,,,,,,,,,,,,,1,22,,
,,,,,,,,,,,,,1,22,,
,,,,,,,,,,,,,1,22,,
,,,,,,,,,,,,,1,22,,
,,,,,,,,,,,,,1,22,,
,,,,,,,,,,,,,1,22,,
,,,,,,,,,,,,,1,22,,
,,,,,,,,,,,,,1,22,,
,,,,,,,,,,,,,1,22,,
,,,,,,,,,,,,,1,22,,
,,,,,,,,,,,,,1,22,,
,,,,,,,,,,,,,1,22,,
,,,,,,,,,,,,,1,22,,
,,,,,,,,,,,,,1,22,,
,,,,,,,,,,,,,1,22,,
,,,,,,,,,,,,,1,22,,
,,,,,,,,,,,,,1,22,,
,,,,,,,,,,,,,1,22,,
,,,,,,,,,,,,,1,22,,
,,,,,,,,,,,,,1,22,,
,,,,,,,,,,,,,1,22,,
,,,,,,,,,,,,,1,22,,
,,,,,,,,,,,,,1,22,,
,,,,,,,,,,,,,1,22,,
,,,,,,,,,,,,,1,22,,
,,,,,,,,,,,,,1,22,,
,,,,,,,,,,,,,1,22,,
,,,,,,,,,,,,,1,22,,
,,,,,,,,,,,,,1,22,,
,,,,,,,,,,,,,1,22,,
,,,,,,,,,,,,,1,22,,
,,,,,,,,,,,,,1,22,,
,,,,,,,,,,,,,1,22,,
,,,,,,,,,,,,,1,22,,
,,,,,,,,,,,,,1,22,,
,,,,,,,,,,,,,1,22,,
,,,,,,,,,,,,,1,22,,
,,,,,,,,,,,,,1,22,,
,,,,,,,,,,,,,1,22,,
,,,,,,,,,,,,,1,22,,
,,,,,,,,,,,,,1,22,,
,,,,,,,,,,,,,1,22,,
,,,,,,,,,,,,,1,22,,
,,,,,,,,,,,,,1,22,,
,,,,,,,,,,,,,1,22,,
,,,,,,,,,,,,,1,22,,
,,,,,,,,,,,,,1,22,,
,,,,,,,,,,,,,1,22,,
,,,,,,,,,,,,,1,22,,
,,,,,,,,,,,,,1,22,,
,,,,,,,,,,,,,1,22,,
,,,,,,,,,,,,,1,22,,
,,,,,,,,,,,,,1,22,,
,,,,,,,,,,,,,1,22,,
,,,,,,,,,,,,,1,22,,
,,,,,,,,,,,,,1,22,,
,,,,,,,,,,,,,1,22,,
,,,,,,,,,,,,,1,22,,
,,,,,,,,,,,,,1,22,,
,,,,,,,,,,,,,1,22,,
,,,,,,,,,,,,,1,22,,
,,,,,,,,,,,,,1,22,,
,,,,,,,,,,,,,1,22,,
,,,,,,,,,,,,,1,22,,
,,,,,,,,,,,,,1,22,,
,,,,,,,,,,,,,1,22,,
,,,,,,,,,,,,,1,22,,
,,,,,,,,,,,,,1,22,,
,,,,,,,,,,,,,1,22,,
,,,,,,,,,,,,,1,22,,
,,,,,,,,,,,,,1,22,,
,,,,,,,,,,,,,1,22,,
,,,,,,,,,,,,,1,22,,
,,,,,,,,,,,,,1,22,,
,,,,,,,,,,,,,1,22,,
,,,,,,,,,,,,,1,22,,
,,,,,,,,,,,,,1,22,,
,,,,,,,,,,,,,1,22,,
,,,,,,,,,,,,,1,22,,
,,,,,,,,,,,,,1,22,,
,,,,,,,,,,,,,1,22,,
,,,,,,,,,,,,,1,22,,
,,,,,,,,,,,,,1,22,,
,,,,,,,,,,,,,1,22,,
,,,,,,,,,,,,,1,22,,
,,,,,,,,,,,,,1,22,,
,,,,,,,,,,,,,1,22,,
,,,,,,,,,,,,,1,22,,
,,,,,,,,,,,,,1,22,,
,,,,,,,,,,,,,1,22,,
,,,,,,,,,,,,,1,22,,
,,,,,,,,,,,,,1,22,,
,,,,,,,,,,,,,1,22,,
,,,,,,,,,,,,,1,22,,
,,,,,,,,,,,,,1,22,,
,,,,,,,,,,,,,1,22,,
,,,,,,,,,,,,,1,22,,
,,,,,,,,,,,,,1,22,,
,,,,,,,,,,,,,1,22,,
,,,,,,,,,,,,,1,22,,
,,,,,,,,,,,,,1,22,,
,,,,,,,,,,,,,1,22,,
,,,,,,,,,,,,,1,22,,
,,,,,,,,,,,,,1,22,,
,,,,,,,,,,,,,1,22,,
,,,,,,,,,,,,,1,22,,
,,,,,,,,,,,,,1,22,,
,,,,,,,,,,,,,1,22,,
,,,,,,,,,,,,,1,22,,
,,,,,,,,,,,,,1,22,,
,,,,,,,,,,,,,1,22,,
,,,,,,,,,,,,,1,22,,
,,,,,,,,,,,,,1,22,,
,,,,,,,,,,,,,1,22,,
,,,,,,,,,,,,,1,22,,
,,,,,,,,,,,,,1,22,,
,,,,,,,,,,,,,1,22,,
,,,,,,,,,,,,,1,22,,
,,,,,,,,,,,,,1,22,,
,,,,,,,,,,,,,1,22,,
,,,,,,,,,,,,,1,22,,
,,,,,,,,,,,,,1,22,,
,,,,,,,,,,,,,1,22,,
,,,,,,,,,,,,,1,22,,
,,,,,,,,,,,,,1,22,,
,,,,,,,,,,,,,1,22,,
,,,,,,,,,,,,,1,22,,
,,,,,,,,,,,,,1,22,,
,,,,,,,,,,,,,1,22,,
,,,,,,,,,,,,,1,22,,
,,,,,,,,,,,,,1,22,,
,,,,,,,,,,,,,1,22,,
,,,,,,,,,,,,,1,22,,
,,,,,,,,,,,,,1,22,,
,,,,,,,,,,,,,1,22,,
,,,,,,,,,,,,,1,22,,
,,,,,,,,,,,,,1,22,,
,,,,,,,,,,,,,1,22,,
,,,,,,,,,,,,,1,22,,
,,,,,,,,,,,,,1,22,,
,,,,,,,,,,,,,1,22,,
,,,,,,,,,,,,,1,22,,
,,,,,,,,,,,,,1,22,,
,,,,,,,,,,,,,1,22,,
,,,,,,,,,,,,,1,22,,
,,,,,,,,,,,,,1,22,,
,,,,,,,,,,,,,1,22,,
,,,,,,,,,,,,,1,22,,
,,,,,,,,,,,,,1,22,,
,,,,,,,,,,,,,1,22,,
,,,,,,,,,,,,,1,22,,
,,,,,,,,,,,,,1,22,,
,,,,,,,,,,,,,1,22,,
,,,,,,,,,,,,,1,22,,
,,,,,,,,,,,,,1,22,,
,,,,,,,,,,,,,1,22,,
,,,,,,,,,,,,,1,22,,
,,,,,,,,,,,,,1,22,,
,,,,,,,,,,,,,1,22,,
,,,,,,,,,,,,,1,22,,
,,,,,,,,,,,,,1,22,,
,,,,,,,,,,,,,1,22,,
,,,,,,,,,,,,,1,22,,
,,,,,,,,,,,,,1,22,,
,,,,,,,,,,,,,1,22,,
,,,,,,,,,,,,,1,22,,
,,,,,,,,,,,,,1,22,,
,,,,,,,,,,,,,1,22,,
